{"cameraMode":{"drawMode":0,"name":"Shaded","section":"Shading Mode"},"sceneLighting":false,"audioPlay":false,"sceneViewState":{"m_AlwaysRefresh":false,"showFog":true,"showSkybox":false,"showFlares":true,"showImageEffects":true,"showParticleSystems":true,"showVisualEffectGraphs":true,"m_FxEnabled":true},"in2DMode":false,"pivot":{"x":256.6016540527344,"y":0.44792842864990237,"z":406.0336608886719},"rotation":{"x":0.18142183125019074,"y":0.4838096797466278,"z":-0.10329172015190125,"w":0.8499271273612976},"size":0.2873869836330414,"orthographic":false}